lon,lat,name,head,source,date,link
 30.122569,59.582473,"ЛОГБУ ""ГАТЧИНСКИЙ ПНИ""",В Гатчине прокурор защитил права инвалида,Online47.ru,27/02/2017,http://online47.ru/2017/02/27/V-Gatchine-prokuror-zaschitil-prava-invalida-43518
48.580486,51.793017,"ГАУ СО ""МИХАЙЛОВСКИЙ ПНИ""",Саратовская прокуратура наказала рублем сразу двоих министров,ФедералПресс (fedpress.ru),17/02/2017,http://fedpress.ru/news/64/policy/1745094
38.787044,53.923053,"ГУТО ""КИМОВСКИЙ ПСИХОНЕВРОЛОГИЧЕСКИЙ ИНТЕРНАТ""",Бывший директор Кимовского психоневрологического интерната осуждена за превышение должностных полномочий и служебный подлог.,BezFormata.Ru,30/03/2017,http://tula.bezformata.ru/listnews/kimovskogo-psihonevrologicheskogo/56147536/
46.418762,61.347336,"ГБСУ АО ""ТУРОВЕЦКИЙ ПСИХОНЕВРОЛОГИЧЕСКИЙ ИНТЕРНАТ""","На счете интерната выявлено свыше 5 млн рублей, принадлежащих умершим пациентам",Kotlas-info.ru,17/03/2017,http://kotlas-info.ru/news-337931
46.727388,52.164166,"ГБУ СО ""ВЯЗОВСКИЙ ПНИ""",Директора интерната оштрафовали за работу инвалида в ночную смену,Информационное агентство Регион 64 (sarnovosti.ru),15/03/2017,https://sarnovosti.ru/news.php?ID=64812
103.145612,53.119778,"ОГКУСО ""ЧЕРЕМХОВСКИЙ ПСИХОНЕВРОЛОГИЧЕСКИЙ ИНТЕРНАТ""","В Черемховском интернате, где скончались дети-инвалиды, зафиксирована новаявспышка инфекции",ТАСС - Новости: Криминал и ЧП,06/03/2017,http://tass.ru/sibir-news/4073723
115.63833,51.669294,"ГАУСО ""ППНДИ""",Прокуратура вскрыла массовые нарушения прав инвалидов в забайкальских интернатах,Вечорка (Чита) (gazetavechorka.ru),31/05/2017,http://www.gazetavechorka.ru/show?news=1483095152
36.827657,55.713537,"ГБСУ СО МО ""ЗВЕНИГОРОДСКИЙ ПСИХОНЕВРОЛОГИЧЕСКИЙ ИНТЕРНАТ""","«Реформы ПНИ нет, в ней не заинтересованы чиновники»",Коммерсантъ ВЛАСТЬ,20/05/2017,https://www.kommersant.ru/doc/3299024
48.580486,51.793017,"ГАУ СО ""МИХАЙЛОВСКИЙ ПНИ""",Выявлены хищения средств для людей с ограниченными возможностями и оштрафованы два саратовских министра,Новости России (news-russia.info),17/02/2017,http://news-russia.info/2017/02/17/viyavleni-hischeniya-sredstv-dlya-lyudey-s-ogranichennimi/
48.392702,53.176501,"ГБУ СО ""СЫЗРАНСКИЙ ПАНСИОНАТ ДЛЯ ИНВАЛИДОВ""",Из Самарской области Москальковой жалуются все больше,Самарское обозрение (№ 30),18/05/2017,
115.63833,51.669294,"ГАУСО ""ППНДИ""","Прокуратура Забайкальского края провела проверку соблюдения социальных прав инвалидов, проживающих в государственных учреждениях социального обслуживания...",Забайкальское Информационное Агентство (Чита),17/05/2017,http://www.zabinfo.ru/print.php?pwd=&sid=144630
42.987917,57.806881,"ОГБУ ""КАДЫЙСКИЙ ПНИ""",О надзоре в сфере защиты прав инвалидов и граждан пожилого возраста...,SMINEWS.ru,16/05/2017,http://sminews.ru/8165
177.531148,64.733015,"ГБУ ""АОПНИ""",Завершена плановая проверка Государственного бюджетного учреждения социального обслуживания населения «Анадырский окружной психоневрологический интернат»,ИА Мангазея (mngz.ru),02/05/2017,https://www.mngz.ru/russia-world-sensation/2911182-zavershena-planovaya-proverka-gosudarstvennogo-byudzhetnogo-uchrezhdeniya-socialnogo-obsluzhivaniya-naseleniya-anadyrskiy-okruzhnoy-psihonevrologicheskiy-internat.html
142.722949,50.709496,"ГБУ ""КПНИ""",Кировский психоневрологический интернат: образцово-показательное учреждение со сбегающими клиентами,ИА Мангазея (mngz.ru),26/04/2017,https://www.mngz.ru/russia-world-sensation/2892940-kirovskiy-psihonevrologicheskiy-internat-obrazcovo-pokazatelnoe-uchrezhdenie-so-sbegayuschimi-klientami.html
99.034993,55.047043,"ОГБУСО ""ПСИХОНЕВРОЛОГИЧЕСКИЙ ИНТЕРНАТ П. ВОДОПАДНЫЙ""",О деятельности учреждений социального обслуживания и социально ориентированных некоммерческих организаций,Областная газета (Иркутск) № 43 (1653) (полоса 6),21/04/2017,http://www.ogirk.ru/issue/og/2017-04-21/232674.html
32.462375,59.281096,"ЛОГБУ ""БУДОГОЩСКИЙ ПНИ""",Будогощскому ПНИ предписано внести изменения в аукционную документацию,Skoronovosti.ru,20/04/2017,http://skoronovosti.ru/vladimir/2017/04/20/449679-budogoschskomu-pni-predpisano-vnesti-izmeneniya-v-auktsionnuyu-dokumentatsiyu.html
37.730167,55.876228,ГБУ ПНИ № 23,"По результатам проверки психоневрологического интерната № 23, проведенной с участием прокурора СВАО, к дисциплинарной ответственности привлечены четыре должностных лица",BezFormata.Ru,07/04/2017,http://moskva.bezformata.ru/listnews/23-provedennoj-s-uchastiem-prokurora/56341822/
32.337796,59.931936,"ЛОГБУ""ВОЛХОВСКИЙ ПНИ""","Почему подопечные ПНИ оказались на улице, разбираются в Ленобласти",Милосердие- благотворительный фонд (miloserdie.ru),30/06/2017,https://www.miloserdie.ru/news/pochemu-podopechnye-pni-okazalis-na-ulitse-razbirayutsya-v-lenoblasti/
50.24104,56.149561,"ГАУСО ""НОВО-ЧУРИЛИНСКИЙ ПСИХОНЕВРОЛОГИЧЕСКИЙ ИНТЕРНАТ"" МТЗ И СЗ РТ",Прокуратура Арского района защитила права недееспособных граждан,Власть16.РФ (vlast16.ru),28/06/2017,http://vlast16.ru/86236
83.240517,55.435769,"ГАУССО НСО ""УСПЕНСКИЙ ПСИХОНЕВРОЛОГИЧЕСКИЙ ИНТЕРНАТ""",Пациентам психоневрологического интерната не выдают одежду и обувь,Курьер.Среда. Бердск (kurer-sreda.ru),21/06/2017,http://www.kurer-sreda.ru/2017/06/21/297562-pacientam-psixonevrologicheskogo-internata-ne-vydayut-odezhdu-i-obuv
